grade,pd_lower,pd_upper
AAA,8e-06,0.160634
AA,0.160634,0.233179
A,0.233179,0.315804
BBB,0.315804,0.409745
BB,0.409745,0.517238
B,0.517238,0.666143
CCC,0.666143,0.999735
